{
  "input_mean": [
    0.05096188560128212,
    -0.006339700426906347,
    -5.8975918364012614e-05,
    2.9671260563191026e-05,
    4.506911110979672e-08,
    3875.044189453125
  ],
  "input_std": [
    173.2170867919922,
    144.28231811523438,
    0.17313741147518158,
    0.1443122923374176,
    0.0003292374894954264,
    2603.690673828125
  ],
  "output_mean": [
    -0.44214168190956116,
    0.006041614338755608,
    -5.906017031520605e-05,
    2.9668059141840786e-05
  ],
  "output_std": [
    826.5574951171875,
    689.0890502929688,
    0.17313744127750397,
    0.1443123072385788
  ]
}