{
  "input_mean": [
    -0.004508181940764189,
    -0.016544675454497337,
    -6.8253730205469765e-06,
    8.249669917859137e-06,
    7.830345793991e-08,
    0.0
  ],
  "input_std": [
    173.19654846191406,
    144.34495544433594,
    0.08660363405942917,
    0.08661133795976639,
    0.000614390941336751,
    1.0
  ],
  "output_mean": [
    -0.05958475545048714,
    0.04946982488036156,
    -6.901283995830454e-06,
    8.252777661255095e-06
  ],
  "output_std": [
    714.14599609375,
    707.7307739257812,
    0.08660557121038437,
    0.08661139756441116
  ]
}