{
  "input_mean": [
    -0.004373614676296711,
    -0.015816042199730873,
    -4.128264208702603e-06,
    -5.73104352952214e-06,
    3.762927036632391e-08,
    8000.0
  ],
  "input_std": [
    173.20379638671875,
    144.3467559814453,
    0.08659788221120834,
    0.08660972118377686,
    0.0006144919898360968,
    9.99999993922529e-09
  ],
  "output_mean": [
    -0.03762951120734215,
    -0.06165660172700882,
    -4.164776782999979e-06,
    -5.72977160118171e-06
  ],
  "output_std": [
    714.1049194335938,
    707.7506713867188,
    0.08659986406564713,
    0.08660978078842163
  ]
}