{
  "input_mean": [
    -0.004216323606669903,
    -0.011483053676784039,
    1.7930194644577568e-06,
    -7.952397709232173e-07,
    5.497111743579808e-08,
    0.0
  ],
  "input_std": [
    173.1912078857422,
    144.34783935546875,
    0.08660200238227844,
    0.08661102503538132,
    0.000614384887740016,
    1.0
  ],
  "output_mean": [
    0.00979355163872242,
    -0.017839625477790833,
    1.7399444232069072e-06,
    -7.942952606754261e-07
  ],
  "output_std": [
    714.1407470703125,
    707.7484741210938,
    0.086604043841362,
    0.08661109209060669
  ]
}