{
  "input_mean": [
    -0.011959145776927471,
    -0.01324235275387764,
    -3.0350638553500175e-06,
    2.406891326245386e-06,
    1.2504670188207001e-08,
    0.0
  ],
  "input_std": [
    173.19747924804688,
    144.33729553222656,
    0.08660019934177399,
    0.08660862594842911,
    0.0006144209764897823,
    1.0
  ],
  "output_mean": [
    -0.03632260113954544,
    0.006033142562955618,
    -3.0482231068162946e-06,
    2.4105997908918653e-06
  ],
  "output_std": [
    714.1475830078125,
    707.729736328125,
    0.08660218864679337,
    0.08660869300365448
  ]
}