{
  "input_mean": [
    0.010603528469800949,
    -0.02575741522014141,
    -1.0880841045946e-06,
    -1.8312816791876685e-06,
    -2.0840131398358608e-08,
    8000.0
  ],
  "input_std": [
    173.20022583007812,
    144.3394317626953,
    0.08660947531461716,
    0.08661306649446487,
    0.0006143977516330779,
    9.99999993922529e-09
  ],
  "output_mean": [
    0.0020141759887337685,
    -0.04041324928402901,
    -1.0693432841435424e-06,
    -1.8325225710214e-06
  ],
  "output_std": [
    714.1902465820312,
    707.7615356445312,
    0.08661150187253952,
    0.08661313354969025
  ]
}