{
  "input_mean": [
    0.009746287949383259,
    -0.023302432149648666,
    -8.334826816280838e-06,
    1.5011509276519064e-05,
    2.2574964120281038e-08,
    0.0
  ],
  "input_std": [
    173.20196533203125,
    144.34129333496094,
    0.08660203218460083,
    0.08661047369241714,
    0.0006144721410237253,
    1.0
  ],
  "output_mean": [
    -0.05707118660211563,
    0.09680990129709244,
    -8.356852049473673e-06,
    1.5015415556263179e-05
  ],
  "output_std": [
    714.1475830078125,
    707.754150390625,
    0.0866040512919426,
    0.08661054074764252
  ]
}