{
  "input_mean": [
    0.0002802714006975293,
    -0.020766722038388252,
    -5.338887604011688e-06,
    5.006175797461765e-06,
    6.312817646403346e-08,
    0.0
  ],
  "input_std": [
    173.19525146484375,
    144.33970642089844,
    0.08660527318716049,
    0.08660605549812317,
    0.0006144243525341153,
    1.0
  ],
  "output_mean": [
    -0.04281553253531456,
    0.019300879910588264,
    -5.400463578553172e-06,
    5.0095300139219034e-06
  ],
  "output_std": [
    714.1708984375,
    707.6986694335938,
    0.08660721033811569,
    0.08660612255334854
  ]
}