{
  "input_mean": [
    58.19011306762695,
    87.90681457519531,
    0.002197287743911147,
    0.008909795433282852,
    -2.6963634809362702e-05,
    3855.5048828125
  ],
  "input_std": [
    1970.83056640625,
    1739.915771484375,
    0.22755850851535797,
    0.2011382132768631,
    0.0006076870486140251,
    2893.66845703125
  ],
  "output_mean": [
    67.73822784423828,
    126.1063461303711,
    0.0021866708993911743,
    0.008909797295928001
  ],
  "output_std": [
    2634.64404296875,
    2346.794921875,
    0.22755125164985657,
    0.2011381834745407
  ]
}