{
  "input_mean": [
    -0.0018567703664302826,
    0.014978530816733837,
    -2.9668997285625665e-06,
    8.966545465227682e-06,
    -1.2570715135495902e-08,
    0.0
  ],
  "input_std": [
    173.19244384765625,
    144.34010314941406,
    0.08660086244344711,
    0.08660831302404404,
    0.0006144516519270837,
    1.0
  ],
  "output_mean": [
    -0.025517713278532028,
    0.08673091232776642,
    -2.954716592284967e-06,
    8.970271665020846e-06
  ],
  "output_std": [
    714.1263427734375,
    707.7351684570312,
    0.08660288900136948,
    0.08660838007926941
  ]
}