{
  "input_mean": [
    -0.07653739303350449,
    0.06645887345075607,
    -3.434073005337268e-05,
    3.036920679733157e-05,
    -9.423578006817479e-08,
    3874.339599609375
  ],
  "input_std": [
    173.18824768066406,
    144.3507080078125,
    0.17319907248020172,
    0.14432549476623535,
    0.00032952087349258363,
    2605.837646484375
  ],
  "output_mean": [
    -0.29232650995254517,
    0.08686864376068115,
    -3.434970130911097e-05,
    3.0371882530744188e-05
  ],
  "output_std": [
    827.0908203125,
    689.4224243164062,
    0.17319919168949127,
    0.14432552456855774
  ]
}