{
  "input_mean": [
    -0.022450489923357964,
    -0.0038045563269406557,
    -1.255567440239247e-05,
    4.997591986466432e-06,
    3.679973659131974e-08,
    0.0
  ],
  "input_std": [
    173.19642639160156,
    144.33822631835938,
    0.08660368621349335,
    0.0866113007068634,
    0.0006144792423583567,
    1.0
  ],
  "output_mean": [
    -0.12311877310276031,
    0.036187153309583664,
    -1.2591690392582677e-05,
    4.999501925340155e-06
  ],
  "output_std": [
    714.15869140625,
    707.7330932617188,
    0.08660566061735153,
    0.08661136776208878
  ]
}