{
  "input_mean": [
    -0.0019468539394438267,
    -0.009500372223556042,
    -1.897608740364376e-06,
    -1.0372166798333637e-05,
    -5.017610860136301e-08,
    0.0
  ],
  "input_std": [
    173.19644165039062,
    144.34408569335938,
    0.0866069495677948,
    0.08660845458507538,
    0.0006143774371594191,
    1.0
  ],
  "output_mean": [
    -0.016827920451760292,
    -0.09246233850717545,
    -1.8492954723114963e-06,
    -1.0369253686803859e-05
  ],
  "output_std": [
    714.1798706054688,
    707.7261352539062,
    0.08660893142223358,
    0.08660852164030075
  ]
}