{
  "input_mean": [
    -0.005113465711474419,
    -0.03788641467690468,
    -1.2845028322772123e-05,
    -1.3081775023238151e-06,
    3.599562958811475e-08,
    8000.0
  ],
  "input_std": [
    173.19631958007812,
    144.33677673339844,
    0.08660688251256943,
    0.08660870790481567,
    0.0006144313374534249,
    9.99999993922529e-09
  ],
  "output_mean": [
    -0.10808803886175156,
    -0.048328109085559845,
    -1.2878923371317796e-05,
    -1.3037187045483734e-06
  ],
  "output_std": [
    714.1719360351562,
    707.7228393554688,
    0.08660883456468582,
    0.08660876750946045
  ]
}