{
  "input_mean": [
    0.0,
    0.0,
    6749.99951171875
  ],
  "input_std": [
    2338.091552734375,
    2338.091552734375,
    4214.56005859375
  ],
  "output_mean": [
    7.136334190249727e-09,
    0.12292606383562088,
    -3.0584290655610857e-09
  ],
  "output_std": [
    22.146615982055664,
    71.60929107666016,
    22.146621704101562
  ]
}