{
  "input_mean": [
    -0.016016969457268715,
    -0.014200138859450817,
    -2.9206187264207983e-06,
    -3.1269762530428125e-06,
    3.072821996852326e-08,
    8000.0
  ],
  "input_std": [
    173.19900512695312,
    144.357666015625,
    0.08660220354795456,
    0.08660582453012466,
    0.0006144576473161578,
    9.99999993922529e-09
  ],
  "output_mean": [
    -0.03956862911581993,
    -0.039196886122226715,
    -2.95066024591506e-06,
    -3.1234135349222925e-06
  ],
  "output_std": [
    714.135498046875,
    707.696044921875,
    0.08660413324832916,
    0.08660589158535004
  ]
}