{
  "input_mean": [
    0.00240516010671854,
    -0.012658931314945221,
    -1.609797982382588e-05,
    3.278647682236624e-06,
    -8.009457985735935e-09,
    8000.0
  ],
  "input_std": [
    173.1917266845703,
    144.34573364257812,
    0.08660613745450974,
    0.08660593628883362,
    0.0006144130602478981,
    9.99999993922529e-09
  ],
  "output_mean": [
    -0.1263420432806015,
    0.013578471727669239,
    -1.609167520655319e-05,
    3.2800278404465644e-06
  ],
  "output_std": [
    714.1793212890625,
    707.69287109375,
    0.08660813421010971,
    0.0866059958934784
  ]
}