{
  "input_mean": [
    -0.0038664189632982016,
    0.013430212624371052,
    -8.529818273927958e-07,
    -1.1592822374950629e-05,
    -1.5039303136177296e-08,
    8000.0
  ],
  "input_std": [
    173.16368103027344,
    144.32765197753906,
    0.08664080500602722,
    0.08658504486083984,
    2.731558561208658e-05,
    9.99999993922529e-09
  ],
  "output_mean": [
    -0.01059997733682394,
    -0.07931347191333771,
    -8.385448495573655e-07,
    -1.159298699349165e-05
  ],
  "output_std": [
    714.4327392578125,
    707.5372924804688,
    0.08664079010486603,
    0.08658504486083984
  ]
}