{
  "input_mean": [
    0.009269379079341888,
    0.0023863313253968954,
    -1.992632678593509e-05,
    2.3137295102060307e-06,
    5.578457162869199e-08,
    0.0
  ],
  "input_std": [
    173.1957244873047,
    144.34158325195312,
    0.08660315722227097,
    0.08660934865474701,
    0.0006143975188024342,
    1.0
  ],
  "output_mean": [
    -0.15047985315322876,
    0.02091623842716217,
    -1.9980379875050858e-05,
    2.3173613499238854e-06
  ],
  "output_std": [
    714.1160888671875,
    707.730712890625,
    0.08660508692264557,
    0.08660940825939178
  ]
}