{
  "input_mean": [
    -0.04319943115115166,
    0.030032187700271606,
    -5.846970452694222e-06,
    -3.097622175118886e-05,
    -4.996691771452788e-08,
    3876.157958984375
  ],
  "input_std": [
    173.1774444580078,
    144.2842254638672,
    0.1732279658317566,
    0.14437535405158997,
    0.0003294750349596143,
    2604.74560546875
  ],
  "output_mean": [
    -0.1514618694782257,
    -0.07853973656892776,
    -5.854675691807643e-06,
    -3.097442822763696e-05
  ],
  "output_std": [
    827.6594848632812,
    689.4929809570312,
    0.17322802543640137,
    0.14437536895275116
  ]
}