{
  "input_mean": [
    0.0032602674327790737,
    -0.00859933253377676,
    3.4357635740889236e-06,
    -2.667429271241417e-06,
    7.730356799129368e-08,
    8000.0
  ],
  "input_std": [
    173.1980438232422,
    144.33660888671875,
    0.08660317212343216,
    0.08660507947206497,
    0.0006143372738733888,
    9.99999993922529e-09
  ],
  "output_mean": [
    0.030277084559202194,
    -0.029926050454378128,
    3.361247308930615e-06,
    -2.665198280737968e-06
  ],
  "output_std": [
    714.1476440429688,
    707.7017822265625,
    0.08660516887903214,
    0.08660514652729034
  ]
}