{
  "input_mean": [
    0.1502356082201004,
    0.008730586618185043,
    5.0511484005255625e-05,
    -7.808778900653124e-05,
    9.632654673907837e-09,
    3874.245361328125
  ],
  "input_std": [
    173.20460510253906,
    144.33450317382812,
    0.1731266975402832,
    0.14430195093154907,
    0.000329296279232949,
    2604.12353515625
  ],
  "output_mean": [
    0.43789249658584595,
    -0.630283772945404,
    5.051810876466334e-05,
    -7.811630348442122e-05
  ],
  "output_std": [
    826.38427734375,
    688.9769897460938,
    0.1731267124414444,
    0.14430195093154907
  ]
}