{
  "model_type": "RK_PINN",
  "hidden_dims": [
    512
  ],
  "activation": "silu",
  "n_stages": 4,
  "lambda_pde": 1.0,
  "lambda_ic": 1.0,
  "stage_fractions": [
    0.25,
    0.5,
    0.75,
    1.0
  ],
  "stage_weights": [
    0.08793613314628601,
    0.337074875831604,
    0.4640714228153229,
    0.11091750860214233
  ],
  "parameters": 24596
}