{
  "input_mean": [
    -0.009993430227041245,
    -0.009603653103113174,
    -1.376492036797572e-05,
    2.599911567813251e-06,
    -5.432262284443823e-08,
    8000.0
  ],
  "input_std": [
    173.19708251953125,
    144.3411865234375,
    0.08660062402486801,
    0.08660847693681717,
    0.0006143522914499044,
    9.99999993922529e-09
  ],
  "output_mean": [
    -0.11979734897613525,
    0.011207003146409988,
    -1.371401685901219e-05,
    2.601997266538092e-06
  ],
  "output_std": [
    714.13525390625,
    707.7264404296875,
    0.0866025909781456,
    0.08660854399204254
  ]
}