{
  "input_mean": [
    -0.008743876591324806,
    -0.034231122583150864,
    -9.621018762118183e-06,
    1.591313412063755e-05,
    1.6323348006608285e-08,
    8000.0
  ],
  "input_std": [
    173.19192504882812,
    144.34295654296875,
    0.08660492300987244,
    0.0866120383143425,
    0.0006143614882603288,
    9.99999993922529e-09
  ],
  "output_mean": [
    -0.085818350315094,
    0.0930996909737587,
    -9.637820767238736e-06,
    1.5918178178253584e-05
  ],
  "output_std": [
    714.1552734375,
    707.7499389648438,
    0.08660689741373062,
    0.08661209791898727
  ]
}