{
  "input_mean": [
    -0.046260010451078415,
    -0.003617601003497839,
    -4.677691322285682e-06,
    -5.692616832675412e-05,
    -6.884204140078509e-08,
    3874.687744140625
  ],
  "input_std": [
    173.2014617919922,
    144.37318420410156,
    0.17319706082344055,
    0.14438113570213318,
    0.0003294552443549037,
    2605.48974609375
  ],
  "output_mean": [
    -0.127568781375885,
    -0.41472044587135315,
    -4.591717697621789e-06,
    -5.6943401432363316e-05
  ],
  "output_std": [
    826.9890747070312,
    689.39599609375,
    0.17319707572460175,
    0.14438116550445557
  ]
}