{
  "input_mean": [
    0.02606443502008915,
    -0.01074465923011303,
    -9.253117241314612e-06,
    9.005253787108813e-07,
    2.2939538268929027e-08,
    8000.0
  ],
  "input_std": [
    173.1995391845703,
    144.34385681152344,
    0.08659912645816803,
    0.08660664409399033,
    0.0006143780192360282,
    9.99999993922529e-09
  ],
  "output_mean": [
    -0.04809848591685295,
    -0.0035382460337132215,
    -9.275101547245868e-06,
    9.008310257740959e-07
  ],
  "output_std": [
    714.1004638671875,
    707.7134399414062,
    0.08660106360912323,
    0.0866067111492157
  ]
}