{
  "input_mean": [
    0.04348563402891159,
    -0.07578451931476593,
    -3.800239210249856e-05,
    -5.820762089570053e-05,
    2.4418707766926673e-07,
    3873.642578125
  ],
  "input_std": [
    173.1561279296875,
    144.32916259765625,
    0.1731579452753067,
    0.1443304866552353,
    0.0003293358313385397,
    2604.69970703125
  ],
  "output_mean": [
    -0.029133565723896027,
    -0.3547307848930359,
    -3.812160503002815e-05,
    -5.820130536449142e-05
  ],
  "output_std": [
    826.9769897460938,
    689.256103515625,
    0.1731579750776291,
    0.1443304866552353
  ]
}