{
  "input_mean": [
    0.061588186770677567,
    0.012080078013241291,
    6.88254731358029e-05,
    -1.4479634955932852e-05,
    -9.269249545695857e-08,
    3873.031982421875
  ],
  "input_std": [
    173.1693572998047,
    144.37197875976562,
    0.17321723699569702,
    0.1443413496017456,
    0.0003295087371952832,
    2604.1337890625
  ],
  "output_mean": [
    0.45943668484687805,
    -0.1913229376077652,
    6.886202027089894e-05,
    -1.4480350728263147e-05
  ],
  "output_std": [
    826.7183227539062,
    688.8903198242188,
    0.17321738600730896,
    0.1443413943052292
  ]
}