{
  "input_mean": [
    -0.16048534214496613,
    -0.0607580728828907,
    5.5521890317322686e-05,
    4.618842012860114e-06,
    3.777257973069936e-08,
    3876.4365234375
  ],
  "input_std": [
    173.14974975585938,
    144.40663146972656,
    0.17317183315753937,
    0.14435148239135742,
    0.0003292423498351127,
    2604.870361328125
  ],
  "output_mean": [
    -0.02524278312921524,
    -0.3326815366744995,
    5.550051719183102e-05,
    4.631241154129384e-06
  ],
  "output_std": [
    827.0033569335938,
    689.2705078125,
    0.17317205667495728,
    0.144351527094841
  ]
}