{
  "input_mean": [
    -0.1512138396501541,
    -0.061471518129110336,
    1.2133934433222748e-05,
    -3.453978933976032e-05,
    1.385185015578827e-07,
    3874.814208984375
  ],
  "input_std": [
    173.1516876220703,
    144.30726623535156,
    0.17320142686367035,
    0.14431016147136688,
    0.0003296226786915213,
    2604.26416015625
  ],
  "output_mean": [
    0.32727372646331787,
    -0.016262860968708992,
    1.2101656466256827e-05,
    -3.452445162110962e-05
  ],
  "output_std": [
    826.8658447265625,
    689.0672607421875,
    0.1732015609741211,
    0.14431017637252808
  ]
}