{
  "input_mean": [
    -0.004634675569832325,
    -0.0024499602150171995,
    -9.604039405530784e-06,
    1.8025422832579352e-05,
    4.1653247961903617e-08,
    0.0
  ],
  "input_std": [
    173.1866912841797,
    144.34373474121094,
    0.086600661277771,
    0.08661023527383804,
    0.0006144013023003936,
    1.0
  ],
  "output_mean": [
    -0.08172371238470078,
    0.14176708459854126,
    -9.64446553552989e-06,
    1.8027874830295332e-05
  ],
  "output_std": [
    714.1220703125,
    707.7393188476562,
    0.08660262078046799,
    0.08661030232906342
  ]
}