{
  "sigma": {
    "dx": 0.8397269248962402,
    "dy": 0.08676919341087341,
    "dtx": 0.0001884815574157983,
    "dty": 2.5523779186187312e-05
  },
  "variance": {
    "dx": 0.7051413083956959,
    "dy": 0.007528892925173558,
    "dtx": 3.5525297485884874e-08,
    "dty": 6.514633039452486e-10
  },
  "weights_raw": {
    "dx": 1.4181554648601606,
    "dy": 132.82165252429164,
    "dtx": 28148954.991786517,
    "dty": 1535005876.6841052
  },
  "weights_normalised": {
    "dx": 3.6289568105089364e-09,
    "dy": 3.3988095977799466e-07,
    "dtx": 0.07203113090018377,
    "dty": 3.9279685255898995
  },
  "p_binned_stats": {
    "1-2 GeV": {
      "n": 75283,
      "sigma_dx": 1.8740779161453247,
      "sigma_dy": 0.1942349076271057,
      "sigma_dtx": 0.000420699710957706,
      "sigma_dty": 5.7163619203493e-05
    },
    "2-5 GeV": {
      "n": 99466,
      "sigma_dx": 0.8615868091583252,
      "sigma_dy": 0.08795179426670074,
      "sigma_dtx": 0.00019343737221788615,
      "sigma_dty": 2.5900355467456393e-05
    },
    "5-20 GeV": {
      "n": 151140,
      "sigma_dx": 0.2985187768936157,
      "sigma_dy": 0.031035564839839935,
      "sigma_dtx": 6.677935743937269e-05,
      "sigma_dty": 8.99193764780648e-06
    },
    "20-100 GeV": {
      "n": 174111,
      "sigma_dx": 0.07015975564718246,
      "sigma_dy": 0.007271223701536655,
      "sigma_dtx": 1.562358738738112e-05,
      "sigma_dty": 2.1203622964094393e-06
    }
  }
}