{
  "input_mean": [
    -0.020281758159399033,
    -0.0034849909134209156,
    -4.657999397750245e-06,
    3.0180915473465575e-06,
    -5.378119993793007e-08,
    8000.0
  ],
  "input_std": [
    173.18954467773438,
    144.3413543701172,
    0.08660171180963516,
    0.08660467714071274,
    0.0006143373320810497,
    9.99999993922529e-09
  ],
  "output_mean": [
    -0.057229917496442795,
    0.02068566530942917,
    -4.6071954784565605e-06,
    3.0228140985855134e-06
  ],
  "output_std": [
    714.1292724609375,
    707.7161865234375,
    0.08660376071929932,
    0.08660474419593811
  ]
}