{
  "input_mean": [
    58.04779052734375,
    88.27144622802734,
    0.0021891978103667498,
    0.00895763747394085,
    -2.6973271815222688e-05,
    3855.366455078125
  ],
  "input_std": [
    1970.827880859375,
    1739.9588623046875,
    0.22756201028823853,
    0.20113061368465424,
    0.0006076731369830668,
    2893.3984375
  ],
  "output_mean": [
    67.59626770019531,
    126.65416717529297,
    0.0021785784047096968,
    0.00895763747394085
  ],
  "output_std": [
    2634.71435546875,
    2346.73681640625,
    0.2275547981262207,
    0.20113058388233185
  ]
}