{
  "input_mean": [
    58.12489700317383,
    88.10264587402344,
    0.002187978243455291,
    0.008928676135838032,
    -2.6955596695188433e-05,
    3855.3779296875
  ],
  "input_std": [
    1970.79541015625,
    1739.8792724609375,
    0.22756129503250122,
    0.2011261284351349,
    0.0006076479330658913,
    2893.42333984375
  ],
  "output_mean": [
    67.67840576171875,
    126.36627197265625,
    0.0021773420739918947,
    0.008928678929805756
  ],
  "output_std": [
    2634.62548828125,
    2346.6455078125,
    0.2275540679693222,
    0.2011261135339737
  ]
}