{
  "input_mean": [
    0.05100889131426811,
    -0.04237419739365578,
    -1.9905257431673817e-05,
    -8.710253496246878e-06,
    -4.4288249512192124e-08,
    8000.0
  ],
  "input_std": [
    173.20521545410156,
    144.36605834960938,
    0.08659382164478302,
    0.08661501109600067,
    0.0009272860479541123,
    9.99999993922529e-09
  ],
  "output_mean": [
    -0.10799795389175415,
    -0.11204779148101807,
    -1.9866150978486985e-05,
    -8.709627763892058e-06
  ],
  "output_std": [
    714.1090698242188,
    707.8043212890625,
    0.08659844100475311,
    0.0866151675581932
  ]
}