{
  "input_mean": [
    0.23254752159118652,
    -0.01101362518966198,
    6.0240126913413405e-05,
    -0.00011421216913731769,
    1.8478974084246147e-07,
    3874.4189453125
  ],
  "input_std": [
    173.13571166992188,
    144.29685974121094,
    0.1732161045074463,
    0.14429663121700287,
    0.0003295515780337155,
    2604.303466796875
  ],
  "output_mean": [
    0.6020389199256897,
    -0.44436949491500854,
    6.024003596394323e-05,
    -0.00011421977978898212
  ],
  "output_std": [
    827.4025268554688,
    688.6126708984375,
    0.17321625351905823,
    0.14429664611816406
  ]
}