{
  "input_mean": [
    -0.022912466898560524,
    -0.008639024570584297,
    -5.504483851836994e-06,
    9.07652975001838e-06,
    3.750249888412327e-08,
    8000.0
  ],
  "input_std": [
    173.2065887451172,
    144.3379364013672,
    0.08660219609737396,
    0.08661344647407532,
    0.0006143831997178495,
    9.99999993922529e-09
  ],
  "output_mean": [
    -0.06717105954885483,
    0.0640038326382637,
    -5.540285656024935e-06,
    9.08230049390113e-06
  ],
  "output_std": [
    714.1395874023438,
    707.7609252929688,
    0.08660415560007095,
    0.08661351352930069
  ]
}