{
  "input_mean": [
    -0.00021156796719878912,
    0.00955489557236433,
    -4.40520534539246e-06,
    9.700229384179693e-06,
    9.705397374659697e-09,
    8000.0
  ],
  "input_std": [
    173.1956329345703,
    144.34263610839844,
    0.08660514652729034,
    0.08660448342561722,
    0.0006144315120764077,
    9.99999993922529e-09
  ],
  "output_mean": [
    -0.03551837056875229,
    0.087162084877491,
    -4.415440344018862e-06,
    9.701184353616554e-06
  ],
  "output_std": [
    714.1636352539062,
    707.6820068359375,
    0.0866071954369545,
    0.08660455048084259
  ]
}