{
  "input_mean": [
    0.0024094211403280497,
    -0.0012378781102597713,
    -5.1231127145001665e-06,
    1.093892478820635e-06,
    3.1281835788377066e-08,
    8000.0
  ],
  "input_std": [
    173.1968536376953,
    144.34646606445312,
    0.08660154789686203,
    0.0866105929017067,
    0.000614449440035969,
    9.99999993922529e-09
  ],
  "output_mean": [
    -0.038767796009778976,
    0.00752621702849865,
    -5.15337069373345e-06,
    1.0962997976093902e-06
  ],
  "output_std": [
    714.132568359375,
    707.7325439453125,
    0.08660347759723663,
    0.08661065995693207
  ]
}