{
  "input_mean": [
    -0.0001644366275286302,
    -0.00514458492398262,
    4.048332812089939e-06,
    1.0780532647913788e-05,
    -2.7251312317844167e-08,
    8000.0
  ],
  "input_std": [
    173.19601440429688,
    144.3516082763672,
    0.08660241961479187,
    0.08660860359668732,
    0.0006144046201370656,
    9.99999993922529e-09
  ],
  "output_mean": [
    0.032372184097766876,
    0.08110380172729492,
    4.073040145158302e-06,
    1.0781094715639483e-05
  ],
  "output_std": [
    714.119140625,
    707.7174682617188,
    0.08660431951284409,
    0.08660867065191269
  ]
}