{
  "input_mean": [
    -0.0032787201926112175,
    -0.15504084527492523,
    -8.06495677352359e-07,
    -6.501559255411848e-05,
    1.203744659505901e-07,
    3873.8701171875
  ],
  "input_std": [
    173.17401123046875,
    144.32537841796875,
    0.17320984601974487,
    0.1443597823381424,
    0.0003296742797829211,
    2604.9931640625
  ],
  "output_mean": [
    0.0352339930832386,
    -0.31589654088020325,
    -8.910887459023797e-07,
    -6.50254005449824e-05
  ],
  "output_std": [
    826.98193359375,
    689.5942993164062,
    0.17320989072322845,
    0.1443597823381424
  ]
}