{
  "input_mean": [
    -0.0897107720375061,
    0.029097840189933777,
    -4.3393592932261527e-05,
    -6.529572419822216e-05,
    4.318456703344964e-08,
    3874.642822265625
  ],
  "input_std": [
    173.21507263183594,
    144.34515380859375,
    0.1732683628797531,
    0.1443421095609665,
    0.0003294582711532712,
    2604.447265625
  ],
  "output_mean": [
    -0.2066541612148285,
    -0.5052926540374756,
    -4.341724343248643e-05,
    -6.530495738843456e-05
  ],
  "output_std": [
    827.5289916992188,
    689.3231811523438,
    0.1732683628797531,
    0.14434212446212769
  ]
}