{
  "input_mean": [
    -0.016666477546095848,
    0.0014342754147946835,
    -9.729344128572848e-06,
    -1.5426068785018288e-05,
    -2.7762531829012005e-08,
    0.0
  ],
  "input_std": [
    173.20606994628906,
    144.33795166015625,
    0.08660222589969635,
    0.08660773932933807,
    0.000614368065726012,
    1.0
  ],
  "output_mean": [
    -0.09433974325656891,
    -0.12195137143135071,
    -9.702841452963185e-06,
    -1.542183781566564e-05
  ],
  "output_std": [
    714.1264038085938,
    707.721435546875,
    0.08660419285297394,
    0.08660779893398285
  ]
}