{
  "model_type": "RK_PINN",
  "hidden_dims": [
    512,
    256
  ],
  "activation": "silu",
  "n_stages": 4,
  "lambda_pde": 1.0,
  "lambda_ic": 1.0,
  "stage_fractions": [
    0.25,
    0.5,
    0.75,
    1.0
  ],
  "stage_weights": [
    0.0789160206913948,
    0.4491274356842041,
    0.399137943983078,
    0.07281863689422607
  ],
  "parameters": 534036
}