{
  "input_mean": [
    0.009819465689361095,
    -0.01773209497332573,
    -4.871468263445422e-06,
    1.0757486961665563e-05,
    2.640484630944684e-08,
    8000.0
  ],
  "input_std": [
    173.19322204589844,
    144.3407745361328,
    0.08660664409399033,
    0.08660872280597687,
    0.0006144331418909132,
    9.99999993922529e-09
  ],
  "output_mean": [
    -0.029311541467905045,
    0.06833788007497787,
    -4.896564860246144e-06,
    1.0759226825030055e-05
  ],
  "output_std": [
    714.1712036132812,
    707.71435546875,
    0.08660861849784851,
    0.08660878986120224
  ]
}