{
  "input_mean": [
    57.97411346435547,
    87.96514892578125,
    0.0021878231782466173,
    0.008926460519433022,
    -2.6986706870957278e-05,
    3855.3125
  ],
  "input_std": [
    1970.9132080078125,
    1739.9075927734375,
    0.22756333649158478,
    0.20112954080104828,
    0.0006076939753256738,
    2893.55517578125
  ],
  "output_mean": [
    67.55144500732422,
    126.24286651611328,
    0.002177175600081682,
    0.008926459588110447
  ],
  "output_std": [
    2634.713623046875,
    2346.68896484375,
    0.22755607962608337,
    0.20112952589988708
  ]
}