{
  "input_mean": [
    -0.014260775409638882,
    -0.011279897764325142,
    -1.2832631000492256e-05,
    6.75710089126369e-06,
    1.314250219763835e-08,
    8000.0
  ],
  "input_std": [
    173.19850158691406,
    144.34327697753906,
    0.08660145848989487,
    0.0866066962480545,
    0.0006144495564512908,
    9.99999993922529e-09
  ],
  "output_mean": [
    -0.11700798571109772,
    0.042789094150066376,
    -1.2845988749177195e-05,
    6.759416010027053e-06
  ],
  "output_std": [
    714.1370849609375,
    707.7095947265625,
    0.08660346269607544,
    0.08660675585269928
  ]
}