{
  "input_mean": [
    -0.010312099009752274,
    -0.020573489367961884,
    -1.269923996005673e-05,
    7.628099865542026e-06,
    6.802137164640953e-08,
    8000.0
  ],
  "input_std": [
    173.188232421875,
    144.3345184326172,
    0.08660124242305756,
    0.08660796284675598,
    0.0006143727223388851,
    9.99999993922529e-09
  ],
  "output_mean": [
    -0.11231992393732071,
    0.040464140474796295,
    -1.2764809071086347e-05,
    7.630396794411354e-06
  ],
  "output_std": [
    714.1192016601562,
    707.6983642578125,
    0.08660313487052917,
    0.08660802990198135
  ]
}