{
  "model_type": "RK_PINN",
  "hidden_dims": [
    256,
    256
  ],
  "activation": "silu",
  "n_stages": 4,
  "lambda_pde": 1.0,
  "lambda_ic": 1.0,
  "stage_fractions": [
    0.25,
    0.5,
    0.75,
    1.0
  ],
  "stage_weights": [
    0.1002446636557579,
    0.42494070529937744,
    0.37728023529052734,
    0.09753433614969254
  ],
  "parameters": 270100
}