{
  "input_mean": [
    0.0018350441241636872,
    -0.01383686438202858,
    -1.1173636266903486e-05,
    1.693311241979245e-05,
    -5.584973195027487e-08,
    8000.0
  ],
  "input_std": [
    173.2038116455078,
    144.3426055908203,
    0.08660484105348587,
    0.08661047369241714,
    0.0006142889615148306,
    9.99999993922529e-09
  ],
  "output_mean": [
    -0.08722397685050964,
    0.12165042757987976,
    -1.1120472663606051e-05,
    1.6937307009357028e-05
  ],
  "output_std": [
    714.1934814453125,
    707.7391967773438,
    0.08660685271024704,
    0.08661054074764252
  ]
}