{
  "input_mean": [
    -0.007073028013110161,
    -0.014719845727086067,
    -4.176630682195537e-06,
    5.481044809130253e-06,
    -1.5790551088912252e-08,
    8000.0
  ],
  "input_std": [
    173.1969451904297,
    144.33743286132812,
    0.08660373091697693,
    0.08660870045423508,
    0.0006143552018329501,
    9.99999993922529e-09
  ],
  "output_mean": [
    -0.04039224237203598,
    0.02913491241633892,
    -4.161313427175628e-06,
    5.4822417041577864e-06
  ],
  "output_std": [
    714.1635131835938,
    707.7198486328125,
    0.08660570532083511,
    0.08660876005887985
  ]
}