{
  "model_type": "RK_PINN",
  "hidden_dims": [
    256,
    256,
    128
  ],
  "activation": "silu",
  "n_stages": 4,
  "lambda_pde": 0.001,
  "lambda_ic": 1.0,
  "stage_fractions": [
    0.25,
    0.5,
    0.75,
    1.0
  ],
  "stage_weights": [
    0.15364539623260498,
    0.344640851020813,
    0.3490247130393982,
    0.15268906950950623
  ],
  "parameters": 201748
}