{
  "input_mean": [
    0.009015204384922981,
    0.01036818977445364,
    -1.1194639228051528e-05,
    3.608395672927145e-06,
    3.519197377954697e-08,
    8000.0
  ],
  "input_std": [
    173.19357299804688,
    144.3393096923828,
    0.08660470694303513,
    0.08660732954740524,
    0.0006144371000118554,
    9.99999993922529e-09
  ],
  "output_mean": [
    -0.080766960978508,
    0.03925618156790733,
    -1.1230034942855127e-05,
    3.612346745285322e-06
  ],
  "output_std": [
    714.1527709960938,
    707.707763671875,
    0.08660666644573212,
    0.08660739660263062
  ]
}