{
  "input_mean": [
    0.011308238841593266,
    -0.02327583357691765,
    -1.0533634849707596e-05,
    3.972413651354145e-06,
    2.1355726076421888e-08,
    0.0
  ],
  "input_std": [
    173.2095947265625,
    144.34854125976562,
    0.08660166710615158,
    0.08659984916448593,
    0.0006143713253550231,
    1.0
  ],
  "output_mean": [
    -0.0730922669172287,
    0.008519469760358334,
    -1.0554729669820517e-05,
    3.975286290369695e-06
  ],
  "output_std": [
    714.1253051757812,
    707.6536254882812,
    0.08660370856523514,
    0.0865999162197113
  ]
}