{
  "input_mean": [
    -0.021890221163630486,
    -0.017872372642159462,
    4.610108589986339e-06,
    -6.14995983028166e-08,
    -3.170198326074569e-08,
    8000.0
  ],
  "input_std": [
    173.1962127685547,
    144.34109497070312,
    0.08660078048706055,
    0.08660664409399033,
    0.0006144192302599549,
    9.99999993922529e-09
  ],
  "output_mean": [
    0.015173252671957016,
    -0.018349025398492813,
    4.639726284949575e-06,
    -5.8620692300337396e-08
  ],
  "output_std": [
    714.1234741210938,
    707.7161254882812,
    0.08660285174846649,
    0.0866067111492157
  ]
}