{
  "input_mean": [
    0.0027363880071789026,
    -0.018411163240671158,
    -8.752131179790013e-06,
    1.6543989431738737e-06,
    -1.2353335243631136e-08,
    0.0
  ],
  "input_std": [
    173.19606018066406,
    144.3468780517578,
    0.08660577982664108,
    0.08660915493965149,
    0.0006143946666270494,
    1.0
  ],
  "output_mean": [
    -0.06721305102109909,
    -0.005158174317330122,
    -8.740877092350274e-06,
    1.6577508858972578e-06
  ],
  "output_std": [
    714.1506958007812,
    707.7278442382812,
    0.08660776913166046,
    0.08660922199487686
  ]
}