{
  "input_mean": [
    -0.009109627455472946,
    -0.008601008914411068,
    -1.07983914858778e-05,
    5.098659585200949e-06,
    1.0423764962297355e-07,
    0.0
  ],
  "input_std": [
    173.19839477539062,
    144.34510803222656,
    0.08660165965557098,
    0.0866081640124321,
    0.0006144241779111326,
    1.0
  ],
  "output_mean": [
    -0.0961245447397232,
    0.03220368176698685,
    -1.0899126209551468e-05,
    5.101701390231028e-06
  ],
  "output_std": [
    714.1283569335938,
    707.7291870117188,
    0.08660362660884857,
    0.08660823106765747
  ]
}