{
  "input_mean": [
    0.07185548543930054,
    0.009817559272050858,
    -2.391034286119975e-05,
    3.148924224660732e-05,
    2.468630277974171e-08,
    0.0
  ],
  "input_std": [
    173.16201782226562,
    144.31204223632812,
    0.08660248667001724,
    0.08662756532430649,
    0.00011628442734945565,
    1.0
  ],
  "output_mean": [
    -0.1195715069770813,
    0.26174262166023254,
    -2.3933589545777068e-05,
    3.149142867187038e-05
  ],
  "output_std": [
    714.101318359375,
    707.8102416992188,
    0.08660256117582321,
    0.08662757277488708
  ]
}