{
  "input_mean": [
    -0.011047097854316235,
    -0.011136192828416824,
    -1.323534524999559e-05,
    6.043381290510297e-06,
    6.612203407030393e-08,
    0.0
  ],
  "input_std": [
    173.1968536376953,
    144.34625244140625,
    0.08660321682691574,
    0.08660919219255447,
    0.0006144265062175691,
    1.0
  ],
  "output_mean": [
    -0.1173325851559639,
    0.03722522407770157,
    -1.3299462807481177e-05,
    6.046031558071263e-06
  ],
  "output_std": [
    714.1397094726562,
    707.7039184570312,
    0.08660518378019333,
    0.08660925179719925
  ]
}