{
  "input_mean": [
    -0.0023452420718967915,
    -0.028556497767567635,
    -9.693391803011764e-06,
    -7.113852916518226e-06,
    1.0873471900652021e-08,
    8000.0
  ],
  "input_std": [
    173.19021606445312,
    144.34686279296875,
    0.08660366386175156,
    0.08661104738712311,
    0.0006143218488432467,
    9.99999993922529e-09
  ],
  "output_mean": [
    -0.07996337115764618,
    -0.08544528484344482,
    -9.704443073133007e-06,
    -7.109663329174509e-06
  ],
  "output_std": [
    714.1268310546875,
    707.7518310546875,
    0.08660565316677094,
    0.08661110699176788
  ]
}