{
  "input_mean": [
    0.019489120692014694,
    -0.012028015218675137,
    -7.391073722828878e-06,
    1.738243918225635e-05,
    1.5257587193673317e-08,
    8000.0
  ],
  "input_std": [
    173.19085693359375,
    144.34490966796875,
    0.08659923821687698,
    0.08661074191331863,
    0.0006143894279375672,
    9.99999993922529e-09
  ],
  "output_mean": [
    -0.03974088653922081,
    0.12704575061798096,
    -7.406767963402672e-06,
    1.7385187675245106e-05
  ],
  "output_std": [
    714.1124267578125,
    707.7357177734375,
    0.08660123497247696,
    0.08661080151796341
  ]
}