{
  "model_type": "RK_PINN",
  "hidden_dims": [
    512,
    512,
    256
  ],
  "activation": "silu",
  "n_stages": 4,
  "lambda_pde": 0.001,
  "lambda_ic": 1.0,
  "stage_fractions": [
    0.25,
    0.5,
    0.75,
    1.0
  ],
  "stage_weights": [
    0.14404532313346863,
    0.3544408082962036,
    0.35298725962638855,
    0.1485266536474228
  ],
  "parameters": 796692
}