{
  "model_type": "RK_PINN",
  "hidden_dims": [
    512,
    512,
    256,
    128
  ],
  "activation": "silu",
  "n_stages": 4,
  "lambda_pde": 1.0,
  "lambda_ic": 1.0,
  "stage_fractions": [
    0.25,
    0.5,
    0.75,
    1.0
  ],
  "stage_weights": [
    0.13844381272792816,
    0.361407607793808,
    0.36497655510902405,
    0.135172039270401
  ],
  "parameters": 531732
}