{
  "input_mean": [
    -0.083218514919281,
    -0.05245298892259598,
    6.488723738584667e-05,
    -5.955106098554097e-05,
    1.542939287446643e-07,
    3875.201416015625
  ],
  "input_std": [
    173.2397003173828,
    144.31568908691406,
    0.1731967180967331,
    0.14431791007518768,
    0.0003297612420283258,
    2605.363037109375
  ],
  "output_mean": [
    0.3168909549713135,
    -0.4978082478046417,
    6.473638495663181e-05,
    -5.955416781944223e-05
  ],
  "output_std": [
    827.2177734375,
    689.0055541992188,
    0.17319713532924652,
    0.14431795477867126
  ]
}