{
  "input_mean": [
    -0.02235022746026516,
    -0.026685690507292747,
    -1.4891697901475709e-05,
    3.2184505016630283e-06,
    -4.589093904883157e-08,
    0.0
  ],
  "input_std": [
    173.20175170898438,
    144.34640502929688,
    0.08660176396369934,
    0.08661055564880371,
    0.0006143553182482719,
    1.0
  ],
  "output_mean": [
    -0.141219824552536,
    -0.0009280613157898188,
    -1.4848629689367954e-05,
    3.220203780074371e-06
  ],
  "output_std": [
    714.142578125,
    707.7354125976562,
    0.08660377562046051,
    0.08661062270402908
  ]
}