{
  "model_type": "RK_PINN",
  "hidden_dims": [
    256,
    256,
    128
  ],
  "activation": "silu",
  "n_stages": 4,
  "lambda_pde": 0.0,
  "lambda_ic": 0.0,
  "stage_fractions": [
    0.25,
    0.5,
    0.75,
    1.0
  ],
  "stage_weights": [
    0.2284151166677475,
    0.266367107629776,
    0.29340049624443054,
    0.21181727945804596
  ],
  "parameters": 201748
}