{
  "input_mean": [
    0.0022725770249962807,
    -0.006019289139658213,
    -2.359523705308675e-06,
    5.0695412028289866e-06,
    6.180609801731407e-08,
    8000.0
  ],
  "input_std": [
    173.18052673339844,
    144.33709716796875,
    0.08660482615232468,
    0.08660652488470078,
    0.0006143510108813643,
    9.99999993922529e-09
  ],
  "output_mean": [
    -0.01698402129113674,
    0.03456032648682594,
    -2.420458713459084e-06,
    5.073904503660742e-06
  ],
  "output_std": [
    714.1637573242188,
    707.7015991210938,
    0.08660683035850525,
    0.08660659193992615
  ]
}