{
  "input_mean": [
    -0.028491146862506866,
    -0.027411365881562233,
    -1.2806364793505054e-05,
    -1.7755901353666559e-06,
    2.2206007865843702e-10,
    8000.0
  ],
  "input_std": [
    173.20523071289062,
    144.34283447265625,
    0.08660400658845901,
    0.08660602569580078,
    0.0006144067738205194,
    9.99999993922529e-09
  ],
  "output_mean": [
    -0.13094602525234222,
    -0.04160449653863907,
    -1.2806800441467203e-05,
    -1.773471012711525e-06
  ],
  "output_std": [
    714.1390991210938,
    707.7008056640625,
    0.08660601079463959,
    0.08660609275102615
  ]
}