{
  "input_mean": [
    -0.04701443761587143,
    -0.0056069400161504745,
    -0.0001419821783201769,
    -5.959540794719942e-05,
    -2.3708960839030624e-07,
    3876.578857421875
  ],
  "input_std": [
    173.21949768066406,
    144.353515625,
    0.17318396270275116,
    0.14435015618801117,
    0.00032969252788461745,
    2605.270263671875
  ],
  "output_mean": [
    -0.7019580602645874,
    -0.3158648610115051,
    -0.00014182801533024758,
    -5.957967368885875e-05
  ],
  "output_std": [
    827.0352172851562,
    689.5109252929688,
    0.17318399250507355,
    0.14435017108917236
  ]
}