{
  "input_mean": [
    0.012449724599719048,
    -0.01423613727092743,
    -1.3444345313473605e-05,
    -5.428817644315131e-07,
    2.271747945314928e-08,
    8000.0
  ],
  "input_std": [
    173.19985961914062,
    144.34368896484375,
    0.08660507202148438,
    0.08661018311977386,
    0.0006143188220448792,
    9.99999993922529e-09
  ],
  "output_mean": [
    -0.09524441510438919,
    -0.018561886623501778,
    -1.346656063105911e-05,
    -5.396493634179933e-07
  ],
  "output_std": [
    714.1694946289062,
    707.732421875,
    0.08660706877708435,
    0.08661025017499924
  ]
}