{
  "input_mean": [
    -0.024046530947089195,
    -0.010168029926717281,
    3.818330242211232e-06,
    -1.6858070921443868e-06,
    -2.7162634808064468e-08,
    0.0
  ],
  "input_std": [
    173.19337463378906,
    144.34536743164062,
    0.08659940958023071,
    0.0866122916340828,
    0.0006143526406958699,
    1.0
  ],
  "output_mean": [
    0.0066593000665307045,
    -0.023647988215088844,
    3.843665126623819e-06,
    -1.6846740891196532e-06
  ],
  "output_std": [
    714.1040649414062,
    707.7693481445312,
    0.0866013839840889,
    0.08661235123872757
  ]
}