{
  "mlp_balanced_v1": {
    "model_type": "mlp",
    "parameters": 57316,
    "hidden_dims": [
      192,
      192,
      96
    ],
    "pos_mean": 0.07251974940299988,
    "pos_std": 0.05344659090042114,
    "pos_median": 0.06268908455967903,
    "pos_68": 0.08203942775726318,
    "pos_90": 0.1272331491112709,
    "pos_95": 0.1565255753695964,
    "pos_99": 0.264516062438489,
    "slope_mean_mrad": 6.628629207611084,
    "slope_std_mrad": 4.28901481628418,
    "slope_median_mrad": 5.670774698257446,
    "slope_68_mrad": 7.771968288421631,
    "slope_90_mrad": 12.48269348144531,
    "dx_mean": 0.006924052257090807,
    "dx_std": 0.05326125770807266,
    "dy_mean": 0.008911123499274254,
    "dy_std": 0.07177422195672989,
    "dtx_mean_mrad": 0.05517382174730301,
    "dtx_std_mrad": 5.319785118103027,
    "dty_mean_mrad": -0.15710334479808807,
    "dty_std_mrad": 5.831511497497559
  },
  "mlp_deep_v1": {
    "model_type": "mlp",
    "parameters": 58948,
    "hidden_dims": [
      128,
      128,
      128,
      128,
      64
    ],
    "pos_mean": 0.10602328181266785,
    "pos_std": 0.07857905328273773,
    "pos_median": 0.08833473175764084,
    "pos_68": 0.121918565928936,
    "pos_90": 0.20290805548429489,
    "pos_95": 0.24682708084583274,
    "pos_99": 0.36205399096012125,
    "slope_mean_mrad": 7.9564714431762695,
    "slope_std_mrad": 6.251100540161133,
    "slope_median_mrad": 6.518469333648682,
    "slope_68_mrad": 8.708970336914062,
    "slope_90_mrad": 14.517030906677245,
    "dx_mean": -0.02906373329460621,
    "dx_std": 0.09983426332473755,
    "dy_mean": -0.026496222242712975,
    "dy_std": 0.07682429999113083,
    "dtx_mean_mrad": -0.23854343593120575,
    "dtx_std_mrad": 8.22914981842041,
    "dty_mean_mrad": -0.12968625128269196,
    "dty_std_mrad": 5.881247043609619
  },
  "mlp_large_v1": {
    "model_type": "mlp",
    "parameters": 100996,
    "hidden_dims": [
      256,
      256,
      128
    ],
    "pos_mean": 0.10136307775974274,
    "pos_std": 0.09181955456733704,
    "pos_median": 0.08156048506498337,
    "pos_68": 0.10990893453359604,
    "pos_90": 0.18359599262475962,
    "pos_95": 0.23608662486076346,
    "pos_99": 0.4286964106559756,
    "slope_mean_mrad": 8.645651817321777,
    "slope_std_mrad": 5.727231979370117,
    "slope_median_mrad": 7.414896726608276,
    "slope_68_mrad": 10.087641525268555,
    "slope_90_mrad": 16.181935119628907,
    "dx_mean": -4.962138700648211e-05,
    "dx_std": 0.09378387033939362,
    "dy_mean": -0.012597891502082348,
    "dy_std": 0.09874805808067322,
    "dtx_mean_mrad": -0.035508304834365845,
    "dtx_std_mrad": 5.893714427947998,
    "dty_mean_mrad": 0.07021059095859528,
    "dty_std_mrad": 8.53266716003418
  },
  "mlp_medium_v1": {
    "model_type": "mlp",
    "parameters": 25924,
    "hidden_dims": [
      128,
      128,
      64
    ],
    "pos_mean": 0.07471109181642532,
    "pos_std": 0.062059491872787476,
    "pos_median": 0.05967213027179241,
    "pos_68": 0.08276262283325195,
    "pos_90": 0.1438837185502052,
    "pos_95": 0.18026906847953791,
    "pos_99": 0.2810882499814041,
    "slope_mean_mrad": 4.331974029541016,
    "slope_std_mrad": 3.480945110321045,
    "slope_median_mrad": 3.5038737058639526,
    "slope_68_mrad": 4.795277252197265,
    "slope_90_mrad": 8.224402141571044,
    "dx_mean": 0.006321513094007969,
    "dx_std": 0.07945073395967484,
    "dy_mean": -0.010232043452560902,
    "dy_std": 0.05455320328474045,
    "dtx_mean_mrad": 0.009033803828060627,
    "dtx_std_mrad": 4.795573711395264,
    "dty_mean_mrad": 0.02948310784995556,
    "dty_std_mrad": 2.8079357147216797
  },
  "mlp_narrow_deep_v1": {
    "model_type": "mlp",
    "parameters": 15140,
    "hidden_dims": [
      64,
      64,
      64,
      64,
      32
    ],
    "pos_mean": 0.0757928118109703,
    "pos_std": 0.05975707620382309,
    "pos_median": 0.06321476772427559,
    "pos_68": 0.08219048261642456,
    "pos_90": 0.13775604814290995,
    "pos_95": 0.17758889049291585,
    "pos_99": 0.2956020009517672,
    "slope_mean_mrad": 14.372328758239746,
    "slope_std_mrad": 12.175092697143555,
    "slope_median_mrad": 11.602091312408447,
    "slope_68_mrad": 16.0071728515625,
    "slope_90_mrad": 27.2055549621582,
    "dx_mean": 0.003041829913854599,
    "dx_std": 0.06286046653985977,
    "dy_mean": -0.020892126485705376,
    "dy_std": 0.07013049721717834,
    "dtx_mean_mrad": -0.046064216643571854,
    "dtx_std_mrad": 11.033404350280762,
    "dty_mean_mrad": -0.20471858978271484,
    "dty_std_mrad": 15.264883041381836
  },
  "mlp_small_v1": {
    "model_type": "mlp",
    "parameters": 9412,
    "hidden_dims": [
      128,
      64
    ],
    "pos_mean": 0.05353071168065071,
    "pos_std": 0.04339440539479256,
    "pos_median": 0.04358040541410446,
    "pos_68": 0.059774210453033445,
    "pos_90": 0.10193684175610543,
    "pos_95": 0.12979771271347987,
    "pos_99": 0.2065841694176201,
    "slope_mean_mrad": 2.0878262519836426,
    "slope_std_mrad": 1.9422003030776978,
    "slope_median_mrad": 1.5444108247756958,
    "slope_68_mrad": 2.2919037342071533,
    "slope_90_mrad": 4.3187971115112305,
    "dx_mean": -0.0076958490535616875,
    "dx_std": 0.04596060886979103,
    "dy_mean": 0.018533267080783844,
    "dy_std": 0.04726019129157066,
    "dtx_mean_mrad": -0.01567382737994194,
    "dtx_std_mrad": 2.7826530933380127,
    "dty_mean_mrad": 0.026072941720485687,
    "dty_std_mrad": 0.6221548914909363
  },
  "mlp_tiny_v1": {
    "model_type": "mlp",
    "parameters": 2660,
    "hidden_dims": [
      64,
      32
    ],
    "pos_mean": 0.12802612781524658,
    "pos_std": 0.07789269834756851,
    "pos_median": 0.11552123725414276,
    "pos_68": 0.15262572705745697,
    "pos_90": 0.23087612092494963,
    "pos_95": 0.26935666054487223,
    "pos_99": 0.36392525732517245,
    "slope_mean_mrad": 3.879852533340454,
    "slope_std_mrad": 3.0285823345184326,
    "slope_median_mrad": 3.113025188446045,
    "slope_68_mrad": 4.304741668701172,
    "slope_90_mrad": 7.475825023651123,
    "dx_mean": -0.04514337331056595,
    "dx_std": 0.1261495053768158,
    "dy_mean": 0.035812217742204666,
    "dy_std": 0.05677869915962219,
    "dtx_mean_mrad": 0.22078032791614532,
    "dtx_std_mrad": 4.444247722625732,
    "dty_mean_mrad": 0.07312658429145813,
    "dty_std_mrad": 2.102412223815918
  },
  "mlp_wide_shallow_v1": {
    "model_type": "mlp",
    "parameters": 35204,
    "hidden_dims": [
      256,
      128
    ],
    "pos_mean": 0.04509297013282776,
    "pos_std": 0.03789982944726944,
    "pos_median": 0.03601704351603985,
    "pos_68": 0.04896530091762542,
    "pos_90": 0.0851857356727123,
    "pos_95": 0.11069215498864649,
    "pos_99": 0.1890484637022019,
    "slope_mean_mrad": 2.609142541885376,
    "slope_std_mrad": 2.029768705368042,
    "slope_median_mrad": 2.1485581398010254,
    "slope_68_mrad": 2.864245729446411,
    "slope_90_mrad": 4.826428699493407,
    "dx_mean": 0.002546100877225399,
    "dx_std": 0.04113127663731575,
    "dy_mean": -0.012632378377020359,
    "dy_std": 0.04014886915683746,
    "dtx_mean_mrad": -0.009336883202195168,
    "dtx_std_mrad": 3.0178005695343018,
    "dty_mean_mrad": -0.008802259340882301,
    "dty_std_mrad": 1.3491846323013306
  },
  "mlp_wide_v1": {
    "model_type": "mlp",
    "parameters": 135940,
    "hidden_dims": [
      512,
      256
    ],
    "pos_mean": 0.054798271507024765,
    "pos_std": 0.039015915244817734,
    "pos_median": 0.046488022431731224,
    "pos_68": 0.06243182197213173,
    "pos_90": 0.10024916380643845,
    "pos_95": 0.12214289978146553,
    "pos_99": 0.19471336171031017,
    "slope_mean_mrad": 3.0698647499084473,
    "slope_std_mrad": 2.137981414794922,
    "slope_median_mrad": 2.6193246841430664,
    "slope_68_mrad": 3.503708477020264,
    "slope_90_mrad": 5.651272630691528,
    "dx_mean": 0.018363241106271744,
    "dx_std": 0.04286601394414902,
    "dy_mean": 0.012786000035703182,
    "dy_std": 0.04676438122987747,