{
  "input_mean": [
    -0.009203341789543629,
    -0.028067637234926224,
    -4.655834345612675e-06,
    1.9063253375861677e-06,
    9.83970593892991e-08,
    0.0
  ],
  "input_std": [
    173.1949920654297,
    144.33767700195312,
    0.08660446107387543,
    0.08661016076803207,
    0.0006143839564174414,
    1.0
  ],
  "output_mean": [
    -0.04703802615404129,
    -0.01279909722507,
    -4.750306288769934e-06,
    1.909696493385127e-06
  ],
  "output_std": [
    714.1587524414062,
    707.720703125,
    0.08660642802715302,
    0.08661022782325745
  ]
}