{
  "input_mean": [
    -0.00025165692204609513,
    -0.00907085184007883,
    -1.7963531718123704e-05,
    4.642932708520675e-06,
    1.1903941832258624e-08,
    8000.0
  ],
  "input_std": [
    173.20741271972656,
    144.3380889892578,
    0.08660350739955902,
    0.08661027252674103,
    0.0006143834907561541,
    9.99999993922529e-09
  ],
  "output_mean": [
    -0.1440403312444687,
    0.028101077303290367,
    -1.7976148228626698e-05,
    4.648293270292925e-06
  ],
  "output_std": [
    714.1375122070312,
    707.7357788085938,
    0.0866055116057396,
    0.0866103395819664
  ]
}