{
  "input_mean": [
    -0.003281711833551526,
    0.0004477033216971904,
    -6.759918960597133e-06,
    -5.0438911785022356e-06,
    -9.392917554862379e-09,
    8000.0
  ],
  "input_std": [
    173.19496154785156,
    144.3461456298828,
    0.08660288155078888,
    0.08660972118377686,
    0.000614384887740016,
    9.99999993922529e-09
  ],
  "output_mean": [
    -0.05730801820755005,
    -0.03988834470510483,
    -6.751065939170076e-06,
    -5.041162694396917e-06
  ],
  "output_std": [
    714.1240234375,
    707.7302856445312,
    0.08660481125116348,
    0.08660978078842163
  ]
}