{
  "input_mean": [
    0.009233348071575165,
    -0.014429415576159954,
    -1.2997726116736885e-05,
    2.822747319441987e-06,
    9.567445502511873e-09,
    0.0
  ],
  "input_std": [
    173.19509887695312,
    144.34559631347656,
    0.08660077303647995,
    0.08660572022199631,
    0.0006143749924376607,
    1.0
  ],
  "output_mean": [
    -0.09481211751699448,
    0.008183861151337624,
    -1.3007574125367682e-05,
    2.8287217901379336e-06
  ],
  "output_std": [
    714.13623046875,
    707.71630859375,
    0.08660278469324112,
    0.08660577982664108
  ]
}