{
  "input_mean": [
    -0.0003561849589459598,
    -1.4186523003445473e-05,
    -7.062510576361092e-06,
    3.0234875225687574e-07,
    -8.03743294142123e-09,
    0.0
  ],
  "input_std": [
    173.20286560058594,
    144.34213256835938,
    0.08659812808036804,
    0.08661120384931564,
    0.0006143781938590109,
    1.0
  ],
  "output_mean": [
    -0.056819867342710495,
    0.0024133468978106976,
    -7.056388767523458e-06,
    3.039648674985074e-07
  ],
  "output_std": [
    714.09912109375,
    707.767822265625,
    0.08660011738538742,
    0.08661127090454102
  ]
}