{
  "model_type": "RK_PINN",
  "hidden_dims": [
    192,
    192,
    96
  ],
  "activation": "silu",
  "n_stages": 4,
  "lambda_pde": 0.005,
  "lambda_ic": 1.0,
  "stage_fractions": [
    0.25,
    0.5,
    0.75,
    1.0
  ],
  "stage_weights": [
    0.15134437382221222,
    0.34775543212890625,
    0.3467511534690857,
    0.15414905548095703
  ],
  "parameters": 114452
}