{
  "input_mean": [
    -0.0009713922627270222,
    -0.007261085789650679,
    -6.936077170394128e-06,
    4.848660864809062e-06,
    4.8879257974476786e-08,
    0.0
  ],
  "input_std": [
    173.20326232910156,
    144.34022521972656,
    0.08660758286714554,
    0.08661291748285294,
    0.0006143972859717906,
    1.0
  ],
  "output_mean": [
    -0.05675821378827095,
    0.031556207686662674,
    -6.983826551731909e-06,
    4.853838618146256e-06
  ],
  "output_std": [
    714.1806030273438,
    707.75927734375,
    0.08660957962274551,
    0.08661298453807831
  ]
}