{
  "input_mean": [
    -0.015365543775260448,
    -0.017263095825910568,
    -7.097235084074782e-06,
    6.7412811404210515e-06,
    -2.7717217410128114e-09,
    8000.0
  ],
  "input_std": [
    173.198974609375,
    144.34120178222656,
    0.08660153299570084,
    0.08660867810249329,
    0.0006143864011391997,
    9.99999993922529e-09
  ],
  "output_mean": [
    -0.07213624566793442,
    0.03668522089719772,
    -7.0959440563456155e-06,
    6.744414349668659e-06
  ],
  "output_std": [
    714.1309204101562,
    707.7176513671875,
    0.08660358935594559,
    0.08660874515771866
  ]
}