{
  "input_mean": [
    2.735529661178589,
    -1.586487054824829,
    0.0010322564048692584,
    -0.0006715112249366939,
    2.1299163108778885e-06,
    4000.0
  ],
  "input_std": [
    519.1578369140625,
    434.682861328125,
    0.17232637107372284,
    0.14408601820468903,
    0.0002967638138215989,
    9.99999993922529e-09
  ],
  "output_mean": [
    2.0105085372924805,
    -3.4036476612091064,
    -0.0011266876244917512,
    0.0005236332071945071
  ],
  "output_std": [
    1140.7188720703125,
    734.5746459960938,
    0.5828348398208618,
    0.16483615338802338
  ]
}