{
  "input_mean": [
    2.735530138015747,
    -1.586487054824829,
    0.0010322565212845802,
    -0.0006715112249366939,
    2.1299163108778885e-06,
    5000.0
  ],
  "input_std": [
    519.1499633789062,
    434.6762390136719,
    0.17232374846935272,
    0.14408382773399353,
    0.0002967593027278781,
    2000.0303955078125
  ],
  "output_mean": [
    2.373018503189087,
    -2.4950673580169678,
    -4.721595541923307e-05,
    -7.393908163066953e-05
  ],
  "output_std": [
    886.2045288085938,
    603.5431518554688,
    0.4297580420970917,
    0.1548079252243042
  ]
}