{
  "input_mean": [
    0.015333362855017185,
    -0.021311558783054352,
    -1.3423958989733364e-05,
    3.921993084077258e-06,
    6.319341849803095e-08,
    0.0
  ],
  "input_std": [
    173.1934051513672,
    144.341552734375,
    0.08660328388214111,
    0.08661039918661118,
    0.0006144135259091854,
    1.0
  ],
  "output_mean": [
    -0.0924438089132309,
    0.010097152553498745,
    -1.348529531242093e-05,
    3.928082151105627e-06
  ],
  "output_std": [
    714.1525268554688,
    707.7352905273438,
    0.08660521358251572,
    0.08661046624183655
  ]
}