{
  "input_mean": [
    -0.01601596362888813,
    -0.010100685991346836,
    -3.4194088129879674e-06,
    3.962027676607249e-06,
    -3.75067834568199e-08,
    0.0
  ],
  "input_std": [
    173.19760131835938,
    144.34710693359375,
    0.08660593628883362,
    0.0866084098815918,
    0.0006143720238469541,
    1.0
  ],
  "output_mean": [
    -0.04314650967717171,
    0.021611111238598824,
    -3.38307495439949e-06,
    3.9649949030717835e-06
  ],
  "output_std": [
    714.1717529296875,
    707.7247314453125,
    0.08660789579153061,
    0.08660846948623657
  ]
}