{
  "input_mean": [
    -0.0021080828737467527,
    -0.022972330451011658,
    -3.3786102449084865e-06,
    -8.976490789791569e-06,
    3.796176528680917e-08,
    0.0
  ],
  "input_std": [
    173.20108032226562,
    144.34622192382812,
    0.08659833669662476,
    0.08660856634378433,
    0.0006144184735603631,
    1.0
  ],
  "output_mean": [
    -0.029363330453634262,
    -0.09476052969694138,
    -3.4146914913435467e-06,
    -8.971949682745617e-06
  ],
  "output_std": [
    714.1122436523438,
    707.7342529296875,
    0.08660029619932175,
    0.0866086333990097
  ]
}