{
  "input_mean": [
    0.0822192132472992,
    0.011734549887478352,
    5.4210999223869294e-05,
    -4.9451271479483694e-05,
    -2.013590432170531e-07,
    3874.923095703125
  ],
  "input_std": [
    173.17967224121094,
    144.37632751464844,
    0.1732216626405716,
    0.14439794421195984,
    0.0003296752111054957,
    2605.541748046875
  ],
  "output_mean": [
    -0.06439272314310074,
    -0.11146385222673416,
    5.4021042160457e-05,
    -4.948793866788037e-05
  ],
  "output_std": [
    827.2650756835938,
    689.5528564453125,
    0.17322170734405518,
    0.14439794421195984
  ]
}