{
  "input_mean": [
    0.0038300210144370794,
    -0.011702487245202065,
    -1.2180544217699207e-05,
    -6.498651714537118e-07,
    2.8977883204106547e-08,
    0.0
  ],
  "input_std": [
    173.19606018066406,
    144.34739685058594,
    0.08660104125738144,
    0.08660697191953659,
    0.0006143635255284607,
    1.0
  ],
  "output_mean": [
    -0.09379597753286362,
    -0.0168837308883667,
    -1.2209074156999122e-05,
    -6.465229489549529e-07
  ],
  "output_std": [
    714.1583862304688,
    707.6990966796875,
    0.08660294115543365,
    0.08660703152418137
  ]
}