{
  "input_mean": [
    -0.07433735579252243,
    0.0879136398434639,
    2.51053788815625e-05,
    -2.3571867131977342e-05,
    -2.1290347262947762e-08,
    0.0
  ],
  "input_std": [
    173.1947479248047,
    144.32861328125,
    0.08663207292556763,
    0.086598239839077,
    2.7318235879647546e-05,
    1.0
  ],
  "output_mean": [
    0.1266326606273651,
    -0.1006612554192543,
    2.51257442869246e-05,
    -2.35718453041045e-05
  ],
  "output_std": [
    714.431396484375,
    707.7000732421875,
    0.08663207292556763,
    0.086598239839077
  ]
}