name,model_type,hidden_dims,parameters,n_layers,max_width,val_loss,mse,pos_mean_mm,pos_90_mm,slope_mean_mrad,slope_90_mrad,time_us,speedup_vs_cpp,version
mlp_v2_single_256,mlp,[256],0,1,256,0.002226629110019648,0.0022538318,0.065244384,0.13544194,0.016706347,0.034516722,0.8322072948794811,3.004059223443897,V2
mlp_v2_shallow_256,mlp,"[256, 256]",0,2,256,0.0008608967345131716,0.0008623045,0.04433142,0.08680664,0.26299858,0.48689497,1.4957071981625631,1.671450136143748,V2
mlp_v2_shallow_512_256,mlp,"[512, 256]",0,2,512,0.000290649183543777,0.00029116045,0.028094945,0.051274568,0.4159489,0.76726604,1.9316805442795155,1.2942098564918032,V2
