{
  "input_mean": [
    -0.021185530349612236,
    -0.026614565402269363,
    -1.2235785106895491e-05,
    -1.4928926930224407e-06,
    -3.7862051271986275e-08,
    0.0
  ],
  "input_std": [
    173.20379638671875,
    144.33302307128906,
    0.08660385757684708,
    0.08660849928855896,
    0.000614480406511575,
    1.0
  ],
  "output_mean": [
    -0.11885475367307663,
    -0.03854423388838768,
    -1.2200717719679233e-05,
    -1.4905538137099938e-06
  ],
  "output_std": [
    714.155517578125,
    707.7232055664062,
    0.08660583943128586,
    0.08660856634378433
  ]
}