{
  "input_mean": [
    0.037857506424188614,
    0.00668303994461894,
    -1.7233756807399914e-05,
    2.0699744709418155e-05,
    1.5632179994895523e-08,
    8000.0
  ],
  "input_std": [
    173.16098022460938,
    144.33013916015625,
    0.08658955246210098,
    0.08662237972021103,
    0.00011629959772108123,
    9.99999993922529e-09
  ],
  "output_mean": [
    -0.10010405629873276,
    0.17228330671787262,
    -1.724824687698856e-05,
    2.0700164895970374e-05
  ],
  "output_std": [
    713.96923828125,
    707.7978515625,
    0.08658966422080994,
    0.08662237972021103
  ]
}