{
  "input_mean": [
    -0.005710195284336805,
    -0.02132938615977764,
    -9.791645425138995e-06,
    -3.0486924060824094e-06,
    -7.783632582913924e-08,
    8000.0
  ],
  "input_std": [
    173.20263671875,
    144.34521484375,
    0.08660125732421875,
    0.08660624176263809,
    0.0006143699865788221,
    9.99999993922529e-09
  ],
  "output_mean": [
    -0.08358314633369446,
    -0.04569654539227486,
    -9.717429747979622e-06,
    -3.0443734431173652e-06
  ],
  "output_std": [
    714.15185546875,
    707.6921997070312,
    0.08660329133272171,
    0.08660630136728287
  ]
}