{
  "input_mean": [
    0.010601958259940147,
    -0.006862019654363394,
    -7.282044407475041e-06,
    8.318467735080048e-06,
    3.166753970162972e-08,
    8000.0
  ],
  "input_std": [
    173.18702697753906,
    144.34486389160156,
    0.08660326898097992,
    0.08661263436079025,
    0.0006143830250948668,
    9.99999993922529e-09
  ],
  "output_mean": [
    -0.047846194356679916,
    0.059707969427108765,
    -7.312606157938717e-06,
    8.322874236910138e-06
  ],
  "output_std": [
    714.1349487304688,
    707.76611328125,
    0.08660530298948288,
    0.08661269396543503
  ]
}