{
  "input_mean": [
    -0.05256398767232895,
    -0.011738467030227184,
    1.5974152120179497e-05,
    -1.2456972399377264e-05,
    -1.4715135776555144e-08,
    8000.0
  ],
  "input_std": [
    173.1894989013672,
    144.31202697753906,
    0.08663441985845566,
    0.08659478276968002,
    2.7316891646478325e-05,
    9.99999993922529e-09
  ],
  "output_mean": [
    0.07531754672527313,
    -0.11139363795518875,
    1.5988269296940416e-05,
    -1.245683142769849e-05
  ],
  "output_std": [
    714.4146728515625,
    707.6099853515625,
    0.08663441240787506,
    0.08659478276968002
  ]
}