{
  "input_mean": [
    -0.0028760540299117565,
    0.018889909610152245,
    -5.755005076935049e-06,
    2.0711717297672294e-05,
    7.976168170387155e-09,
    8000.0
  ],
  "input_std": [
    173.1557159423828,
    144.32354736328125,
    0.0866069421172142,
    0.08661165833473206,
    0.00011629418440861627,
    9.99999993922529e-09
  ],
  "output_mean": [
    -0.048960983753204346,
    0.18458367884159088,
    -5.762061846326105e-06,
    2.07117209356511e-05
  ],
  "output_std": [
    714.10009765625,
    707.7844848632812,
    0.08660703152418137,
    0.08661166578531265
  ]
}