{
  "input_mean": [
    -0.017441047355532646,
    -0.002688443288207054,
    -4.47848606199841e-06,
    9.164860784949269e-06,
    8.026582953846173e-09,
    8000.0
  ],
  "input_std": [
    173.1929168701172,
    144.34207153320312,
    0.08660659193992615,
    0.08660702407360077,
    0.0006143804057501256,
    9.99999993922529e-09
  ],
  "output_mean": [
    -0.05332447588443756,
    0.07064557820558548,
    -4.486792931857053e-06,
    9.16772387427045e-06
  ],
  "output_std": [
    714.1782836914062,
    707.7255859375,
    0.08660867810249329,
    0.08660709857940674
  ]
}