{
  "input_mean": [
    -0.01756623387336731,
    -0.008985202759504318,
    -1.89336071798607e-06,
    -3.0778153359278804e-06,
    2.0358607244475024e-08,
    0.0
  ],
  "input_std": [
    173.20037841796875,
    144.34390258789062,
    0.08660469204187393,
    0.08661071211099625,
    0.0006143934442661703,
    1.0
  ],
  "output_mean": [
    -0.032843682914972305,
    -0.033590201288461685,
    -1.914121185109252e-06,
    -3.074518645007629e-06
  ],
  "output_std": [
    714.1622924804688,
    707.7294921875,
    0.08660662919282913,
    0.08661077916622162
  ]
}