{
  "input_mean": [
    -0.002503956900909543,
    -0.01786189340054989,
    -1.0595632375043351e-05,
    2.0590446183632594e-06,
    -2.3561521622639248e-09,
    8000.0
  ],
  "input_std": [
    173.1968994140625,
    144.34857177734375,
    0.08660909533500671,
    0.08660617470741272,
    0.0006143928039819002,
    9.99999993922529e-09
  ],
  "output_mean": [
    -0.0872628465294838,
    -0.0013764683390036225,
    -1.0594303603284061e-05,
    2.0614204458979657e-06
  ],
  "output_std": [
    714.1792602539062,
    707.7037963867188,
    0.08661111444234848,
    0.08660624176263809
  ]
}