{
  "input_mean": [
    -0.024198241531848907,
    -0.018175896257162094,
    -5.536780008696951e-06,
    1.8512586166252731e-06,
    -3.680578331000106e-08,
    8000.0
  ],
  "input_std": [
    173.1992950439453,
    144.33885192871094,
    0.08660302311182022,
    0.08660745620727539,
    0.0006144465878605843,
    9.99999993922529e-09
  ],
  "output_mean": [
    -0.06827347725629807,
    -0.0033538287971168756,
    -5.50157801626483e-06,
    1.8535199615143938e-06
  ],
  "output_std": [
    714.1528930664062,
    707.7188720703125,
    0.08660503476858139,
    0.08660751581192017
  ]
}