{
  "input_mean": [
    -0.0360560268163681,
    -0.02838738076388836,
    -9.789874638954643e-06,
    -6.072666110412683e-06,
    1.64684319514663e-08,
    0.0
  ],
  "input_std": [
    173.19686889648438,
    144.3504180908203,
    0.08660205453634262,
    0.08660808950662613,
    0.0006143472855910659,
    1.0
  ],
  "output_mean": [
    -0.11447547376155853,
    -0.07696498930454254,
    -9.805844456423074e-06,
    -6.0721208683389705e-06
  ],
  "output_std": [
    714.1304321289062,
    707.7160034179688,
    0.0866040363907814,
    0.0866081565618515
  ]
}