{
  "input_mean": [
    -0.015577407553792,
    -0.01237716618925333,
    -1.0290640602761414e-05,
    4.481963955527135e-08,
    -6.570622446133711e-08,
    8000.0
  ],
  "input_std": [
    173.1901397705078,
    144.3395538330078,
    0.08660237491130829,
    0.08660931885242462,
    0.0006144255166873336,
    9.99999993922529e-09
  ],
  "output_mean": [
    -0.09752145409584045,
    -0.011999333277344704,
    -1.0228646715404466e-05,
    4.844522649705141e-08
  ],
  "output_std": [
    714.1517944335938,
    707.7265014648438,
    0.08660432696342468,
    0.0866093784570694
  ]
}