{
  "input_mean": [
    -0.030089562758803368,
    0.07171140611171722,
    0.00022293177607934922,
    4.037062535644509e-05,
    3.284258554003827e-08,
    3876.272216796875
  ],
  "input_std": [
    173.19358825683594,
    144.36622619628906,
    0.17317548394203186,
    0.1443740576505661,
    0.00032911993912421167,
    2605.168212890625
  ],
  "output_mean": [
    1.0137813091278076,
    0.18815654516220093,
    0.00022286381863523275,
    4.037311009597033e-05
  ],
  "output_std": [
    827.4707641601562,
    689.7711791992188,
    0.17317545413970947,
    0.1443740576505661
  ]
}