{
  "input_mean": [
    -0.02069976180791855,
    -0.01916280947625637,
    -5.813759344164282e-06,
    4.4919465835846495e-06,
    -9.685525270697326e-09,
    0.0
  ],
  "input_std": [
    173.1949920654297,
    144.33041381835938,
    0.08660091459751129,
    0.0866108164191246,
    0.0006143124192021787,
    1.0
  ],
  "output_mean": [
    -0.06714937835931778,
    0.016794824972748756,
    -5.804158718092367e-06,
    4.49608660346712e-06
  ],
  "output_std": [
    714.1338500976562,
    707.7303466796875,
    0.0866028219461441,
    0.08661087602376938
  ]
}