{
  "input_mean": [
    -0.00408844044432044,
    -0.014631014317274094,
    -7.876677045715041e-06,
    3.937562723876908e-06,
    4.975757761371824e-08,
    0.0
  ],
  "input_std": [
    173.19146728515625,
    144.34494018554688,
    0.08660086989402771,
    0.08660584688186646,
    0.000614394957665354,
    1.0
  ],
  "output_mean": [
    -0.06740584969520569,
    0.01688578352332115,
    -7.92494392953813e-06,
    3.9404621929861605e-06
  ],
  "output_std": [
    714.1227416992188,
    707.7093505859375,
    0.08660287410020828,
    0.08660590648651123
  ]
}