{
  "model_type": "RK_PINN",
  "hidden_dims": [
    256,
    256,
    128
  ],
  "activation": "silu",
  "n_stages": 4,
  "lambda_pde": 1.0,
  "lambda_ic": 1.0,
  "stage_fractions": [
    0.25,
    0.5,
    0.75,
    1.0
  ],
  "stage_weights": [
    0.13579751551151276,
    0.369529128074646,
    0.3578876554965973,
    0.13678570091724396
  ],
  "parameters": 201748
}