{
  "input_mean": [
    -0.01651838980615139,
    -0.0151283610612154,
    -1.2688819879258517e-05,
    -7.784683475620113e-07,
    3.577057583470378e-08,
    8000.0
  ],
  "input_std": [
    173.1857147216797,
    144.33856201171875,
    0.08660666644573212,
    0.08660892397165298,
    0.0006144639337435365,
    9.99999993922529e-09
  ],
  "output_mean": [
    -0.1182456761598587,
    -0.021341096609830856,
    -1.2723172403639182e-05,
    -7.757947173558932e-07
  ],
  "output_std": [
    714.1776123046875,
    707.7225952148438,
    0.08660861849784851,
    0.08660899102687836
  ]
}