{
  "input_mean": [
    0.013055076822638512,
    -0.0022330733481794596,
    -1.341218830930302e-05,
    8.34417460282566e-06,
    6.573125599373952e-09,
    8000.0
  ],
  "input_std": [
    173.19337463378906,
    144.33682250976562,
    0.08660289645195007,
    0.08660747110843658,
    0.0006143904174678028,
    9.99999993922529e-09
  ],
  "output_mean": [
    -0.09428543597459793,
    0.06453646719455719,
    -1.341918050457025e-05,
    8.347175025846809e-06
  ],
  "output_std": [
    714.136962890625,
    707.7225952148438,
    0.08660488575696945,
    0.08660753071308136
  ]
}