{
  "input_mean": [
    0.0118956184014678,
    -0.022364094853401184,
    -1.140135464083869e-05,
    7.050005478959065e-06,
    5.423871130005864e-08,
    8000.0
  ],
  "input_std": [
    173.19427490234375,
    144.34942626953125,
    0.08660607039928436,
    0.0866103395819664,
    0.000614434015005827,
    9.99999993922529e-09
  ],
  "output_mean": [
    -0.0796450525522232,
    0.03406025096774101,
    -1.1453983461251482e-05,
    7.054605703160632e-06
  ],
  "output_std": [
    714.158935546875,
    707.734375,
    0.08660812675952911,
    0.08661040663719177
  ]
}