{
  "model_type": "RK_PINN",
  "hidden_dims": [
    256
  ],
  "activation": "silu",
  "n_stages": 4,
  "lambda_pde": 1.0,
  "lambda_ic": 1.0,
  "stage_fractions": [
    0.25,
    0.5,
    0.75,
    1.0
  ],
  "stage_weights": [
    0.10187434405088425,
    0.4074341952800751,
    0.38380616903305054,
    0.10688528418540955
  ],
  "parameters": 12308
}