{
  "input_mean": [
    -0.016024038195610046,
    -0.0017998676048591733,
    -8.59878673509229e-06,
    -5.198191956878873e-06,
    8.006526996950925e-08,
    8000.0
  ],
  "input_std": [
    173.19639587402344,
    144.3451690673828,
    0.08660249412059784,
    0.08660360425710678,
    0.0006143676000647247,
    9.99999993922529e-09
  ],
  "output_mean": [
    -0.08529818058013916,
    -0.04337191954255104,
    -8.676146535435691e-06,
    -5.195673566049663e-06
  ],
  "output_std": [
    714.1466064453125,
    707.6836547851562,
    0.08660447597503662,
    0.08660366386175156
  ]
}