{
  "input_mean": [
    -0.32689225673675537,
    -0.05679093673825264,
    5.850365778314881e-05,
    7.040784112177789e-05,
    -2.423696230380301e-07,
    3874.673095703125
  ],
  "input_std": [
    173.20057678222656,
    144.36781311035156,
    0.17324736714363098,
    0.1443333476781845,
    0.00032957474468275905,
    2605.203857421875
  ],
  "output_mean": [
    -0.568814754486084,
    0.33020034432411194,
    5.8503512263996527e-05,
    7.040131458779797e-05
  ],
  "output_std": [
    827.0985717773438,
    689.2659301757812,
    0.1732475608587265,
    0.1443333774805069
  ]
}