{
  "input_mean": [
    0.08844531327486038,
    -0.051706038415431976,
    1.521661374681571e-06,
    -1.4711408766743261e-05,
    2.46522489533163e-07,
    8000.0
  ],
  "input_std": [
    173.19737243652344,
    144.34503173828125,
    0.08658485859632492,
    0.08662380278110504,
    0.0009273341274820268,
    9.99999993922529e-09
  ],
  "output_mean": [
    0.09912970662117004,
    -0.1693781465291977,
    1.2821730024370481e-06,
    -1.4708550224895589e-05
  ],
  "output_std": [
    714.0066528320312,
    707.9049072265625,
    0.08658972382545471,
    0.08662396669387817
  ]
}