{
  "input_mean": [
    -0.02872827835381031,
    -0.015552756376564503,
    -2.3762613636790775e-06,
    2.922644739555835e-07,
    2.869552062634284e-08,
    8000.0
  ],
  "input_std": [
    173.2070770263672,
    144.34341430664062,
    0.08660672605037689,
    0.08660753816366196,
    0.0006144391372799873,
    9.99999993922529e-09
  ],
  "output_mean": [
    -0.047917552292346954,
    -0.013194776140153408,
    -2.404604401817778e-06,
    2.9596591843983333e-07
  ],
  "output_std": [
    714.1669311523438,
    707.7314453125,
    0.08660871535539627,
    0.08660760521888733
  ]
}