{
  "input_mean": [
    0.00445023225620389,
    0.0022917964961379766,
    -1.5567729860777035e-06,
    1.0220625057399957e-07,
    -6.400968999287215e-08,
    8000.0
  ],
  "input_std": [
    173.18994140625,
    144.33990478515625,
    0.0866028293967247,
    0.0866047590970993,
    0.0006144702201709151,
    9.99999993922529e-09
  ],
  "output_mean": [
    -0.007627925835549831,
    0.00312188477255404,
    -1.496193931416201e-06,
    1.0450022358554634e-07
  ],
  "output_std": [
    714.1271362304688,
    707.6986083984375,
    0.08660480380058289,
    0.08660482615232468
  ]
}