{
  "input_mean": [
    -0.0007784425979480147,
    -0.004842094611376524,
    -1.6181293176487088e-05,
    8.525810244464083e-07,
    7.65448078254849e-08,
    8000.0
  ],
  "input_std": [
    173.1973876953125,
    144.3391571044922,
    0.08659709244966507,
    0.08660674840211868,
    0.0006143720238469541,
    9.99999993922529e-09
  ],
  "output_mean": [
    -0.13069167733192444,
    0.001996672712266445,
    -1.625553886697162e-05,
    8.559366051485995e-07
  ],
  "output_std": [
    714.0850830078125,
    707.717041015625,
    0.08659901469945908,
    0.08660681545734406
  ]
}