{
  "input_mean": [
    -0.10781020671129227,
    0.027301790192723274,
    -1.565513593959622e-05,
    -1.6245847291429527e-05,
    3.774935635192378e-07,
    3873.724365234375
  ],
  "input_std": [
    173.17698669433594,
    144.27633666992188,
    0.17322316765785217,
    0.14435428380966187,
    0.0003294916241429746,
    2604.36572265625
  ],
  "output_mean": [
    -0.14240023493766785,
    -0.4251220226287842,
    -1.581080687174108e-05,
    -1.624604374228511e-05
  ],
  "output_std": [
    827.3312377929688,
    689.0823974609375,
    0.17322325706481934,
    0.14435428380966187
  ]
}