{
  "input_mean": [
    0.19511574506759644,
    -0.007935595698654652,
    5.853088805451989e-05,
    -2.2162448658491485e-05,
    9.233905728933678e-08,
    3874.5908203125
  ],
  "input_std": [
    173.14633178710938,
    144.3400421142578,
    0.17321379482746124,
    0.14429382979869843,
    0.00032944537815637887,
    2604.46337890625
  ],
  "output_mean": [
    0.44319263100624084,
    -0.05632638931274414,
    5.850744491908699e-05,
    -2.215055974374991e-05
  ],
  "output_std": [
    827.1668701171875,
    688.967041015625,
    0.17321377992630005,
    0.14429384469985962
  ]
}