{
  "input_mean": [
    -0.02928987517952919,
    0.00497098732739687,
    -1.5671788787585683e-05,
    3.4903785035567125e-06,
    -3.904431622459015e-08,
    8000.0
  ],
  "input_std": [
    173.1942596435547,
    144.34429931640625,
    0.08659949153661728,
    0.08660626411437988,
    0.0006143187056295574,
    9.99999993922529e-09
  ],
  "output_mean": [
    -0.1544342190027237,
    0.032906774431467056,
    -1.563445766805671e-05,
    3.492597898002714e-06
  ],
  "output_std": [
    714.1061401367188,
    707.7106323242188,
    0.08660143613815308,
    0.08660632371902466
  ]
}