{
  "model_type": "RK_PINN",
  "hidden_dims": [
    256,
    256,
    128
  ],
  "activation": "silu",
  "n_stages": 4,
  "lambda_pde": 0.01,
  "lambda_ic": 0.01,
  "stage_fractions": [
    0.25,
    0.5,
    0.75,
    1.0
  ],
  "stage_weights": [
    0.12256737798452377,
    0.36831849813461304,
    0.3754633963108063,
    0.13365070521831512
  ],
  "parameters": 201748
}