{
  "input_mean": [
    -0.0053286002948880196,
    0.09194128960371017,
    1.0825623576238286e-05,
    6.612321158172563e-05,
    6.02954344230966e-08,
    3875.23291015625
  ],
  "input_std": [
    173.17955017089844,
    144.36648559570312,
    0.17327488958835602,
    0.14435911178588867,
    0.00032969014137052,
    2605.760498046875
  ],
  "output_mean": [
    0.06967921555042267,
    0.35687148571014404,
    1.0765788829303347e-05,
    6.612700235564262e-05
  ],
  "output_std": [
    827.7385864257812,
    689.3421630859375,
    0.1732749193906784,
    0.14435912668704987
  ]
}