{
  "input_mean": [
    -0.0021224920637905598,
    0.0019473909633234143,
    -1.1570398783078417e-05,
    7.613198704348179e-06,
    1.2631042523025826e-07,
    0.0
  ],
  "input_std": [
    173.1901397705078,
    144.34344482421875,
    0.08660323172807693,
    0.08660713583230972,
    0.0006144741782918572,
    1.0
  ],
  "output_mean": [
    -0.09544485062360764,
    0.06286930292844772,
    -1.1691892723320052e-05,
    7.616232323925942e-06
  ],
  "output_std": [
    714.14111328125,
    707.71875,
    0.08660516887903214,
    0.0866071954369545
  ]
}