{
  "input_mean": [
    0.07574351131916046,
    -0.037597041577100754,
    -5.063291246187873e-05,
    -5.902814336877782e-06,
    -1.8944767532502738e-07,
    0.0
  ],
  "input_std": [
    173.1808319091797,
    144.36061096191406,
    0.08657397329807281,
    0.0866117924451828,
    0.0009275428601540625,
    1.0
  ],
  "output_mean": [
    -0.3282207250595093,
    -0.08478761464357376,
    -5.0455004384275526e-05,
    -5.897553819522727e-06
  ],
  "output_std": [
    713.9691162109375,
    707.7896728515625,
    0.08657875657081604,
    0.08661196380853653
  ]
}