{
  "input_mean": [
    -0.01636412739753723,
    -0.005546369589865208,
    -1.0526129699428566e-05,
    1.2241958756931126e-05,
    5.4074281052862716e-08,
    8000.0
  ],
  "input_std": [
    173.20303344726562,
    144.33273315429688,
    0.0866018757224083,
    0.0866040587425232,
    0.000614406424574554,
    9.99999993922529e-09
  ],
  "output_mean": [
    -0.10090426355600357,
    0.09240162372589111,
    -1.0578663022897672e-05,
    1.2244194294908084e-05
  ],
  "output_std": [
    714.1471557617188,
    707.659912109375,
    0.08660385757684708,
    0.08660412579774857
  ]
}