{
  "input_mean": [
    -0.022059112787246704,
    -0.020236127078533173,
    -4.475219157029642e-06,
    6.519044291053433e-06,
    -7.083139053065679e-08,
    8000.0
  ],
  "input_std": [
    173.2014617919922,
    144.3443145751953,
    0.08660207688808441,
    0.08660931140184402,
    0.0006143912905827165,
    9.99999993922529e-09
  ],
  "output_mean": [
    -0.05744658038020134,
    0.031936973333358765,
    -4.408533641253598e-06,
    6.522933290398214e-06
  ],
  "output_std": [
    714.1322631835938,
    707.7196655273438,
    0.08660414814949036,
    0.0866093784570694
  ]
}