{
  "input_mean": [
    -0.0026915273629128933,
    -0.031385388225317,
    -5.51460789210978e-06,
    -6.491688509413507e-06,
    -8.327167222432763e-08,
    0.0
  ],
  "input_std": [
    173.20126342773438,
    144.3388671875,
    0.08660030364990234,
    0.08660656213760376,
    0.0006144360522739589,
    1.0
  ],
  "output_mean": [
    -0.04631903022527695,
    -0.08330392837524414,
    -5.435826096800156e-06,
    -6.4889663917711005e-06
  ],
  "output_std": [
    714.1238403320312,
    707.7102661132812,
    0.08660230785608292,
    0.08660662919282913
  ]
}