{
  "input_mean": [
    -0.007992306724190712,
    -0.008355793543159962,
    -6.9689435804320965e-06,
    4.16118109569652e-06,
    -4.121080010577316e-08,
    8000.0
  ],
  "input_std": [
    173.1973419189453,
    144.33871459960938,
    0.08660247176885605,
    0.08660781383514404,
    0.0006143688806332648,
    9.99999993922529e-09
  ],
  "output_mean": [
    -0.06349707394838333,
    0.024942174553871155,
    -6.929109986231197e-06,
    4.162517598160775e-06
  ],
  "output_std": [
    714.1353759765625,
    707.6875610351562,
    0.08660447597503662,
    0.08660788089036942
  ]
}