{
  "input_mean": [
    -0.0037735160440206528,
    -0.014504833146929741,
    -1.1137734873045702e-05,
    1.2439263628039043e-06,
    -4.283539212224241e-08,
    0.0
  ],
  "input_std": [
    173.19618225097656,
    144.34475708007812,
    0.08660523593425751,
    0.08660855144262314,
    0.0006143201026134193,
    1.0
  ],
  "output_mean": [
    -0.0926220566034317,
    -0.004539730958640575,
    -1.1096652997366618e-05,
    1.2464636256481754e-06
  ],
  "output_std": [
    714.138671875,
    707.7120971679688,
    0.08660723268985748,
    0.08660861104726791
  ]
}